1.00E+00,,,,
1.00E+00,,,,
9.99E-01,,,,
9.98E-01,,,,
9.98E-01,,,,
9.96E-01,,,,
9.95E-01,,,,
9.94E-01,,,,
9.90E-01,,,,
9.72E-01,,,,
9.70E-01,,,,
9.69E-01,,,,
9.65E-01,,,,
9.52E-01,,,,
9.44E-01,,,,
9.43E-01,,,,
9.37E-01,,,,
9.31E-01,,,,
9.20E-01,,,,
9.14E-01,,,,
9.14E-01,,,,
9.14E-01,,,,
9.05E-01,,,,
8.97E-01,,,,
8.94E-01,,,,
8.85E-01,,,,
8.79E-01,,,,
8.76E-01,,,,
8.74E-01,,,,
8.54E-01,,,,
8.52E-01,,,,
8.50E-01,,,,
8.48E-01,,,,
8.47E-01,,,,
8.45E-01,,,,
8.35E-01,,,,
8.28E-01,,,,
8.24E-01,,,,
8.21E-01,,,,
8.19E-01,,,,
8.14E-01,,,,
8.09E-01,,,,
8.00E-01,,,,
7.97E-01,,,,
7.93E-01,,,,
7.85E-01,,,,
7.81E-01,,,,
7.70E-01,,,,
7.69E-01,,,,
7.67E-01,,,,
7.66E-01,,,,
7.51E-01,,,,
7.46E-01,,,,
7.46E-01,,,,
7.44E-01,,,,
7.40E-01,,,,
7.39E-01,,,,
7.33E-01,,,,
7.30E-01,,,,
7.27E-01,,,,
7.24E-01,,,,
7.24E-01,,,,
7.22E-01,,,,
7.16E-01,,,,
7.11E-01,,,,
7.06E-01,,,,
7.02E-01,,,,
7.00E-01,,,,
6.99E-01,,,,
6.97E-01,,,,
6.96E-01,,,,
6.94E-01,,,,
6.93E-01,,,,
6.85E-01,,,,
6.84E-01,,,,
6.84E-01,,,,
6.78E-01,,,,
6.78E-01,,,,
6.76E-01,,,,
6.73E-01,,,,
6.66E-01,,,,
6.61E-01,,,,
6.58E-01,,,,
6.52E-01,,,,
6.45E-01,,,,
6.42E-01,,,,
6.40E-01,,,,
6.34E-01,,,,
6.33E-01,,,,
6.32E-01,,,,
6.28E-01,,,,
6.25E-01,,,,
6.20E-01,,,,
6.20E-01,,,,
6.13E-01,,,,
6.07E-01,,,,
6.04E-01,,,,
6.01E-01,,,,
5.97E-01,,,,
5.93E-01,,,,
5.92E-01,,,,
5.90E-01,,,,
5.80E-01,,,,
5.78E-01,,,,
5.73E-01,,,,
5.71E-01,,,,
5.71E-01,,,,
5.66E-01,,,,
5.65E-01,,,,
5.65E-01,,,,
5.64E-01,,,,
5.63E-01,,,,
5.62E-01,,,,
5.61E-01,,,,
5.58E-01,,,,
5.52E-01,,,,
5.51E-01,,,,
5.51E-01,,,,
5.45E-01,,,,
5.45E-01,,,,
5.43E-01,,,,
5.42E-01,,,,
5.32E-01,,,,
5.28E-01,,,,
5.27E-01,,,,
5.24E-01,,,,
5.15E-01,,,,
5.10E-01,,,,
5.07E-01,,,,
5.06E-01,,,,
5.06E-01,,,,
5.01E-01,,,,
5.00E-01,,,,
5.00E-01,,,,
4.98E-01,,,,
4.97E-01,,,,
4.96E-01,,,,
4.92E-01,,,,
4.91E-01,,,,
4.90E-01,,,,
4.88E-01,,,,
4.85E-01,,,,
4.84E-01,,,,
4.82E-01,,,,
4.79E-01,,,,
4.76E-01,,,,
4.73E-01,,,,
4.71E-01,,,,
4.66E-01,,,,
4.64E-01,,,,
4.63E-01,,,,
4.62E-01,,,,
4.61E-01,,,,
4.61E-01,,,,
4.60E-01,,,,
4.57E-01,,,,
4.55E-01,,,,
4.54E-01,,,,
4.53E-01,,,,
4.53E-01,,,,
4.52E-01,,,,
4.50E-01,,,,
4.48E-01,,,,
4.48E-01,,,,
4.45E-01,,,,
4.45E-01,,,,
4.45E-01,,,,
4.45E-01,,,,
4.45E-01,,,,
4.45E-01,,,,
4.41E-01,,,,
4.36E-01,,,,
4.36E-01,,,,
4.35E-01,,,,
4.35E-01,,,,
4.34E-01,,,,
4.34E-01,,,,
4.34E-01,,,,
4.33E-01,,,,
4.23E-01,,,,
4.23E-01,,,,
4.18E-01,,,,
4.18E-01,,,,
4.17E-01,,,,
4.15E-01,,,,
4.15E-01,,,,
4.15E-01,,,,
4.14E-01,,,,
4.13E-01,,,,
4.12E-01,,,,
4.10E-01,,,,
4.05E-01,,,,
4.03E-01,,,,
3.95E-01,,,,
3.94E-01,,,,
3.92E-01,,,,
3.92E-01,,,,
3.92E-01,,,,
3.91E-01,,,,
3.90E-01,,,,
3.90E-01,,,,
3.90E-01,,,,
3.87E-01,,,,
3.87E-01,,,,
3.86E-01,,,,
3.86E-01,,,,
3.85E-01,,,,
3.85E-01,,,,
3.84E-01,,,,
3.84E-01,,,,
3.84E-01,,,,
3.82E-01,,,,
3.82E-01,,,,
3.82E-01,,,,
3.81E-01,,,,
3.77E-01,,,,
3.76E-01,,,,
3.71E-01,,,,
3.71E-01,,,,
3.69E-01,,,,
3.69E-01,,,,
3.68E-01,,,,
3.68E-01,,,,
3.66E-01,,,,
3.66E-01,,,,
3.64E-01,,,,
3.63E-01,,,,
3.62E-01,,,,
3.62E-01,,,,
3.60E-01,,,,
3.59E-01,,,,
3.57E-01,,,,
3.54E-01,,,,
3.54E-01,,,,
3.54E-01,,,,
3.54E-01,,,,
3.53E-01,,,,
3.52E-01,,,,
3.49E-01,,,,
3.49E-01,,,,
3.49E-01,,,,
3.48E-01,,,,
3.47E-01,,,,
3.46E-01,,,,
3.45E-01,,,,
3.45E-01,,,,
3.43E-01,,,,
3.42E-01,,,,
3.42E-01,,,,
3.41E-01,,,,
3.41E-01,,,,
3.41E-01,,,,
3.41E-01,,,,
3.35E-01,,,,
3.34E-01,,,,
3.34E-01,,,,
3.33E-01,,,,
3.33E-01,,,,
3.33E-01,,,,
3.32E-01,,,,
3.32E-01,,,,
3.31E-01,,,,
3.31E-01,,,,
3.30E-01,,,,
3.27E-01,,,,
3.26E-01,,,,
3.26E-01,,,,
3.24E-01,,,,
3.23E-01,,,,
3.22E-01,,,,
3.21E-01,,,,
3.21E-01,,,,
3.20E-01,,,,
3.20E-01,,,,
3.17E-01,,,,
3.17E-01,,,,
3.17E-01,,,,
3.17E-01,,,,
3.17E-01,,,,
3.12E-01,,,,
3.12E-01,,,,
3.12E-01,,,,
3.11E-01,,,,
3.11E-01,,,,
3.11E-01,,,,
3.10E-01,,,,
3.10E-01,,,,
3.09E-01,,,,
3.09E-01,,,,
3.08E-01,,,,
3.08E-01,,,,
3.08E-01,,,,
3.08E-01,,,,
3.07E-01,,,,
3.07E-01,,,,
3.06E-01,,,,
3.04E-01,,,,
3.02E-01,,,,
3.00E-01,,,,
3.00E-01,,,,
2.96E-01,,,,
2.96E-01,,,,
2.95E-01,,,,
2.94E-01,,,,
2.94E-01,,,,
2.93E-01,,,,
2.93E-01,,,,
2.92E-01,,,,
2.91E-01,,,,
2.91E-01,,,,
2.90E-01,,,,
2.88E-01,,,,
2.87E-01,,,,
2.87E-01,,,,
2.86E-01,,,,
2.85E-01,,,,
2.85E-01,,,,
2.85E-01,,,,
2.85E-01,,,,
2.83E-01,,,,
2.78E-01,,,,
2.77E-01,,,,
2.77E-01,,,,
2.77E-01,,,,
2.77E-01,,,,
2.76E-01,,,,
2.76E-01,,,,
2.75E-01,,,,
2.75E-01,,,,
2.74E-01,,,,
2.74E-01,,,,
2.74E-01,,,,
2.73E-01,,,,
2.73E-01,,,,
2.73E-01,,,,
2.72E-01,,,,
2.67E-01,,,,
2.67E-01,,,,
2.67E-01,,,,
2.66E-01,,,,
2.65E-01,,,,
2.65E-01,,,,
2.65E-01,,,,
2.65E-01,,,,
2.64E-01,,,,
2.64E-01,,,,
2.64E-01,,,,
2.64E-01,,,,
2.64E-01,,,,
2.63E-01,,,,
2.62E-01,,,,
2.62E-01,,,,
2.62E-01,,,,
2.61E-01,,,,
2.61E-01,,,,
2.60E-01,,,,
2.60E-01,,,,
2.60E-01,,,,
2.60E-01,,,,
2.60E-01,,,,
2.59E-01,,,,
2.59E-01,,,,
2.58E-01,,,,
2.57E-01,,,,
2.57E-01,,,,
2.56E-01,,,,
2.55E-01,,,,
2.54E-01,,,,
2.54E-01,,,,
2.53E-01,,,,
2.53E-01,,,,
2.53E-01,,,,
2.52E-01,,,,
2.52E-01,,,,
2.52E-01,,,,
2.52E-01,,,,
2.51E-01,,,,
2.51E-01,,,,
2.50E-01,,,,
2.48E-01,,,,
2.48E-01,,,,
2.48E-01,,,,
2.48E-01,,,,
2.46E-01,,,,
2.45E-01,,,,
2.45E-01,,,,
2.43E-01,,,,
2.43E-01,,,,
2.42E-01,,,,
2.42E-01,,,,
2.41E-01,,,,
2.41E-01,,,,
2.41E-01,,,,
2.41E-01,,,,
2.41E-01,,,,
2.41E-01,,,,
2.40E-01,,,,
2.39E-01,,,,
2.38E-01,,,,
2.38E-01,,,,
2.38E-01,,,,
2.37E-01,,,,
2.37E-01,,,,
2.37E-01,,,,
2.36E-01,,,,
2.35E-01,,,,
2.34E-01,,,,
2.33E-01,,,,
2.33E-01,,,,
2.32E-01,,,,
2.32E-01,,,,
2.32E-01,,,,
2.31E-01,,,,
2.31E-01,,,,
2.31E-01,,,,
2.31E-01,,,,
2.30E-01,,,,
2.30E-01,,,,
2.30E-01,,,,
2.29E-01,,,,
2.27E-01,,,,
2.27E-01,,,,
2.27E-01,,,,
2.27E-01,,,,
2.26E-01,,,,
2.26E-01,,,,
2.23E-01,,,,
2.22E-01,,,,
2.21E-01,,,,
2.21E-01,,,,
2.21E-01,,,,
2.21E-01,,,,
2.19E-01,,,,
2.19E-01,,,,
2.18E-01,,,,
2.18E-01,,,,
2.18E-01,,,,
2.18E-01,,,,
2.17E-01,,,,
2.17E-01,,,,
2.17E-01,,,,
2.16E-01,,,,
2.16E-01,,,,
2.16E-01,,,,
2.15E-01,,,,
2.15E-01,,,,
2.11E-01,,,,
2.10E-01,,,,
2.09E-01,,,,
2.09E-01,,,,
2.09E-01,,,,
2.09E-01,,,,
2.08E-01,,,,
2.08E-01,,,,
2.07E-01,,,,
2.06E-01,,,,
2.06E-01,,,,
2.06E-01,,,,
2.05E-01,,,,
2.05E-01,,,,
2.05E-01,,,,
2.05E-01,,,,
2.05E-01,,,,
2.04E-01,,,,
2.04E-01,,,,
2.04E-01,,,,
2.04E-01,,,,
2.04E-01,,,,
2.03E-01,,,,
2.03E-01,,,,
2.03E-01,,,,
2.03E-01,,,,
2.03E-01,,,,
2.02E-01,,,,
2.02E-01,,,,
2.02E-01,,,,
2.01E-01,,,,
2.01E-01,,,,
2.01E-01,,,,
2.01E-01,,,,
2.01E-01,,,,
2.00E-01,,,,
2.00E-01,,,,
2.00E-01,,,,
1.99E-01,,,,
1.99E-01,,,,
1.98E-01,,,,
1.98E-01,,,,
1.98E-01,,,,
1.97E-01,,,,
1.97E-01,,,,
1.97E-01,,,,
1.97E-01,,,,
1.97E-01,,,,
1.97E-01,,,,
1.97E-01,,,,
1.97E-01,,,,
1.97E-01,,,,
1.96E-01,,,,
1.95E-01,,,,
1.95E-01,,,,
1.95E-01,,,,
1.95E-01,,,,
1.93E-01,,,,
1.93E-01,,,,
1.92E-01,,,,
1.92E-01,,,,
1.92E-01,,,,
1.92E-01,,,,
1.91E-01,,,,
1.90E-01,,,,
1.90E-01,,,,
1.90E-01,,,,
1.90E-01,,,,
1.90E-01,,,,
1.88E-01,,,,
1.88E-01,,,,
1.88E-01,,,,
1.88E-01,,,,
1.88E-01,,,,
1.87E-01,,,,
1.87E-01,,,,
1.87E-01,,,,
1.87E-01,,,,
1.86E-01,,,,
1.86E-01,,,,
1.85E-01,,,,
1.85E-01,,,,
1.85E-01,,,,
1.84E-01,,,,
1.84E-01,,,,
1.84E-01,,,,
1.84E-01,,,,
1.84E-01,,,,
1.83E-01,,,,
1.83E-01,,,,
1.83E-01,,,,
1.82E-01,,,,
1.82E-01,,,,
1.81E-01,,,,
1.81E-01,,,,
1.80E-01,,,,
1.80E-01,,,,
1.80E-01,,,,
1.80E-01,,,,
1.80E-01,,,,
1.80E-01,,,,
1.79E-01,,,,
1.79E-01,,,,
1.79E-01,,,,
1.79E-01,,,,
1.79E-01,,,,
1.78E-01,,,,
1.78E-01,,,,
1.78E-01,,,,
1.78E-01,,,,
1.78E-01,,,,
1.78E-01,,,,
1.78E-01,,,,
1.77E-01,,,,
1.77E-01,,,,
1.77E-01,,,,
1.76E-01,,,,
1.76E-01,,,,
1.76E-01,,,,
1.76E-01,,,,
1.75E-01,,,,
1.74E-01,,,,
1.74E-01,,,,
1.74E-01,,,,
1.73E-01,,,,
1.73E-01,,,,
1.73E-01,,,,
1.73E-01,,,,
1.73E-01,,,,
1.73E-01,,,,
1.72E-01,,,,
1.72E-01,,,,
1.72E-01,,,,
1.72E-01,,,,
1.72E-01,,,,
1.72E-01,,,,
1.72E-01,,,,
1.71E-01,,,,
1.71E-01,,,,
1.71E-01,,,,
1.71E-01,,,,
1.70E-01,,,,
1.70E-01,,,,
1.70E-01,,,,
1.70E-01,,,,
1.69E-01,,,,
1.69E-01,,,,
1.68E-01,,,,
1.68E-01,,,,
1.68E-01,,,,
1.68E-01,,,,
1.67E-01,,,,
1.67E-01,,,,
1.66E-01,,,,
1.66E-01,,,,
1.66E-01,,,,
1.66E-01,,,,
1.66E-01,,,,
1.65E-01,,,,
1.65E-01,,,,
1.65E-01,,,,
1.65E-01,,,,
1.65E-01,,,,
1.64E-01,,,,
1.64E-01,,,,
1.64E-01,,,,
1.64E-01,,,,
1.64E-01,,,,
1.63E-01,,,,
1.63E-01,,,,
1.63E-01,,,,
1.62E-01,,,,
1.62E-01,,,,
1.62E-01,,,,
1.62E-01,,,,
1.62E-01,,,,
1.61E-01,,,,
1.60E-01,,,,
1.60E-01,,,,
1.60E-01,,,,
1.60E-01,,,,
1.57E-01,,,,
1.57E-01,,,,
1.57E-01,,,,
1.57E-01,,,,
1.56E-01,,,,
1.56E-01,,,,
1.56E-01,,,,
1.56E-01,,,,
1.56E-01,,,,
1.55E-01,,,,
1.55E-01,,,,
1.55E-01,,,,
1.55E-01,,,,
1.54E-01,,,,
1.54E-01,,,,
1.53E-01,,,,
1.53E-01,,,,
1.52E-01,,,,
1.52E-01,,,,
1.52E-01,,,,
1.51E-01,,,,
1.51E-01,,,,
1.51E-01,,,,
1.51E-01,,,,
1.51E-01,,,,
1.51E-01,,,,
1.51E-01,,,,
1.50E-01,,,,
1.50E-01,,,,
1.50E-01,,,,
1.50E-01,,,,
1.50E-01,,,,
1.49E-01,,,,
1.49E-01,,,,
1.49E-01,,,,
1.49E-01,,,,
1.49E-01,,,,
1.49E-01,,,,
1.48E-01,,,,
1.48E-01,,,,
1.48E-01,,,,
1.48E-01,,,,
1.48E-01,,,,
1.48E-01,,,,
1.48E-01,,,,
1.47E-01,,,,
1.47E-01,,,,
1.47E-01,,,,
1.47E-01,,,,
1.47E-01,,,,
1.45E-01,,,,
1.45E-01,,,,
1.44E-01,,,,
1.44E-01,,,,
1.44E-01,,,,
1.44E-01,,,,
1.44E-01,,,,
1.43E-01,,,,
1.43E-01,,,,
1.42E-01,,,,
1.42E-01,,,,
1.42E-01,,,,
1.42E-01,,,,
1.42E-01,,,,
1.42E-01,,,,
1.41E-01,,,,
1.41E-01,,,,
1.41E-01,,,,
1.41E-01,,,,
1.40E-01,,,,
1.40E-01,,,,
1.40E-01,,,,
1.40E-01,,,,
1.40E-01,,,,
1.40E-01,,,,
1.39E-01,,,,
1.39E-01,,,,
1.39E-01,,,,
1.38E-01,,,,
1.38E-01,,,,
1.38E-01,,,,
1.38E-01,,,,
1.38E-01,,,,
1.38E-01,,,,
1.38E-01,,,,
1.38E-01,,,,
1.38E-01,,,,
1.38E-01,,,,
1.38E-01,,,,
1.37E-01,,,,
1.37E-01,,,,
1.37E-01,,,,
1.37E-01,,,,
1.37E-01,,,,
1.36E-01,,,,
1.36E-01,,,,
1.36E-01,,,,
1.36E-01,,,,
1.36E-01,,,,
1.36E-01,,,,
1.36E-01,,,,
1.35E-01,,,,
1.35E-01,,,,
1.35E-01,,,,
1.35E-01,,,,
1.35E-01,,,,
1.35E-01,,,,
1.35E-01,,,,
1.34E-01,,,,
1.34E-01,,,,
1.34E-01,,,,
1.34E-01,,,,
1.34E-01,,,,
1.34E-01,,,,
1.34E-01,,,,
1.33E-01,,,,
1.33E-01,,,,
1.32E-01,,,,
1.32E-01,,,,
1.32E-01,,,,
1.32E-01,,,,
1.32E-01,,,,
1.32E-01,,,,
1.31E-01,,,,
1.31E-01,,,,
1.31E-01,,,,
1.31E-01,,,,
1.30E-01,,,,
1.30E-01,,,,
1.30E-01,,,,
1.30E-01,,,,
1.29E-01,,,,
1.28E-01,,,,
1.28E-01,,,,
1.27E-01,,,,
1.27E-01,,,,
1.27E-01,,,,
1.27E-01,,,,
1.27E-01,,,,
1.26E-01,,,,
1.26E-01,,,,
1.26E-01,,,,
1.25E-01,,,,
1.25E-01,,,,
1.25E-01,,,,
1.25E-01,,,,
1.25E-01,,,,
1.24E-01,,,,
1.23E-01,,,,
1.23E-01,,,,
1.23E-01,,,,
1.23E-01,,,,
1.23E-01,,,,
1.22E-01,,,,
1.22E-01,,,,
1.22E-01,,,,
1.22E-01,,,,
1.22E-01,,,,
1.22E-01,,,,
1.21E-01,,,,
1.21E-01,,,,
1.21E-01,,,,
1.21E-01,,,,
1.21E-01,,,,
1.21E-01,,,,
1.21E-01,,,,
1.21E-01,,,,
1.21E-01,,,,
1.21E-01,,,,
1.20E-01,,,,
1.20E-01,,,,
1.19E-01,,,,
1.19E-01,,,,
1.19E-01,,,,
1.19E-01,,,,
1.19E-01,,,,
1.19E-01,,,,
1.18E-01,,,,
1.18E-01,,,,
1.18E-01,,,,
1.18E-01,,,,
1.18E-01,,,,
1.17E-01,,,,
1.17E-01,,,,
1.17E-01,,,,
1.17E-01,,,,
1.16E-01,,,,
1.16E-01,,,,
1.16E-01,,,,
1.16E-01,,,,
1.16E-01,,,,
1.15E-01,,,,
1.15E-01,,,,
1.15E-01,,,,
1.15E-01,,,,
1.15E-01,,,,
1.15E-01,,,,
1.15E-01,,,,
1.15E-01,,,,
1.15E-01,,,,
1.15E-01,,,,
1.15E-01,,,,
1.14E-01,,,,
1.14E-01,,,,
1.14E-01,,,,
1.13E-01,,,,
1.13E-01,,,,
1.12E-01,,,,
1.12E-01,,,,
1.12E-01,,,,
1.12E-01,,,,
1.12E-01,,,,
1.12E-01,,,,
1.12E-01,,,,
1.12E-01,,,,
1.12E-01,,,,
1.12E-01,,,,
1.11E-01,,,,
1.11E-01,,,,
1.11E-01,,,,
1.11E-01,,,,
1.10E-01,,,,
1.10E-01,,,,
1.10E-01,,,,
1.10E-01,,,,
1.10E-01,,,,
1.10E-01,,,,
1.10E-01,,,,
1.09E-01,,,,
1.09E-01,,,,
1.09E-01,,,,
1.09E-01,,,,
1.09E-01,,,,
1.06E-01,,,,
1.06E-01,,,,
1.06E-01,,,,
1.06E-01,,,,
1.06E-01,,,,
1.06E-01,,,,
1.05E-01,,,,
1.05E-01,,,,
1.05E-01,,,,
1.05E-01,,,,
1.05E-01,,,,
1.05E-01,,,,
1.05E-01,,,,
1.05E-01,,,,
1.05E-01,,,,
1.05E-01,,,,
1.04E-01,,,,
1.04E-01,,,,
1.04E-01,,,,
1.04E-01,,,,
1.04E-01,,,,
1.04E-01,,,,
1.04E-01,,,,
1.04E-01,,,,
1.03E-01,,,,
1.03E-01,,,,
1.03E-01,,,,
1.03E-01,,,,
1.03E-01,,,,
1.03E-01,,,,
1.02E-01,,,,
1.02E-01,,,,
1.02E-01,,,,
1.02E-01,,,,
1.02E-01,,,,
1.01E-01,,,,
1.01E-01,,,,
1.01E-01,,,,
1.01E-01,,,,
1.01E-01,,,,
1.01E-01,,,,
1.01E-01,,,,
1.01E-01,,,,
1.00E-01,,,,
1.00E-01,,,,
9.97E-02,,,,
9.96E-02,,,,
9.95E-02,,,,
9.94E-02,,,,
9.92E-02,,,,
9.89E-02,,,,
9.88E-02,,,,
9.88E-02,,,,
9.86E-02,,,,
9.84E-02,,,,
9.83E-02,,,,
9.82E-02,,,,
9.82E-02,,,,
9.81E-02,,,,
9.81E-02,,,,
9.81E-02,,,,
9.78E-02,,,,
9.77E-02,,,,
9.75E-02,,,,
9.74E-02,,,,
9.72E-02,,,,
9.69E-02,,,,
9.68E-02,,,,
9.67E-02,,,,
9.65E-02,,,,
9.63E-02,,,,
9.54E-02,,,,
9.54E-02,,,,
9.53E-02,,,,
9.52E-02,,,,
9.51E-02,,,,
9.46E-02,,,,
9.45E-02,,,,
9.45E-02,,,,
9.43E-02,,,,
9.41E-02,,,,
9.40E-02,,,,
9.39E-02,,,,
9.37E-02,,,,
9.35E-02,,,,
9.34E-02,,,,
9.33E-02,,,,
9.33E-02,,,,
9.33E-02,,,,
9.32E-02,,,,
9.32E-02,,,,
9.31E-02,,,,
9.26E-02,,,,
9.18E-02,,,,
9.17E-02,,,,
9.16E-02,,,,
9.11E-02,,,,
9.10E-02,,,,
9.10E-02,,,,
9.08E-02,,,,
9.07E-02,,,,
9.05E-02,,,,
9.03E-02,,,,
8.98E-02,,,,
8.97E-02,,,,
8.96E-02,,,,
8.93E-02,,,,
8.93E-02,,,,
8.89E-02,,,,
8.86E-02,,,,
8.85E-02,,,,
8.83E-02,,,,
8.82E-02,,,,
8.79E-02,,,,
8.77E-02,,,,
8.77E-02,,,,
8.76E-02,,,,
8.73E-02,,,,
8.72E-02,,,,
8.71E-02,,,,
8.69E-02,,,,
8.69E-02,,,,
8.68E-02,,,,
8.67E-02,,,,
8.65E-02,,,,
8.64E-02,,,,
8.63E-02,,,,
8.62E-02,,,,
8.61E-02,,,,
8.59E-02,,,,
8.59E-02,,,,
8.59E-02,,,,
8.57E-02,,,,
8.57E-02,,,,
8.57E-02,,,,
8.55E-02,,,,
8.54E-02,,,,
8.54E-02,,,,
8.54E-02,,,,
8.49E-02,,,,
8.48E-02,,,,
8.47E-02,,,,
8.42E-02,,,,
8.41E-02,,,,
8.31E-02,,,,
8.30E-02,,,,
8.30E-02,,,,
8.29E-02,,,,
8.28E-02,,,,
8.25E-02,,,,
8.23E-02,,,,
8.23E-02,,,,
8.21E-02,,,,
8.20E-02,,,,
8.16E-02,,,,
8.14E-02,,,,
8.12E-02,,,,
7.97E-02,,,,
7.95E-02,,,,
7.94E-02,,,,
7.93E-02,,,,
7.91E-02,,,,
,,,,
,,,,
,,,,
,,,,
,,,,
,,,,
,,,,
,,,,
,,,,
,,,,
,,,,
,,,,
,,,,
,,,,
,,,,
,,,,
,,,,
,,,,
,,,,
,,,,
,,,,
,,,,
,,,,
,,,,
,,,,
,,,,
,,,,
,,,,
,,,,
,,,,
,,,,
,,,,
,,,,
,,,,
,,,,
,,,,
,,,,
,,,,
,,,,
,,,,
,,,,
,,,,
,,,,
,,,,
,,,,
,,,,
,,,,
,,,,
,,,,
,,,,
,,,,
,,,,
,,,,
,,,,
,,,,
,,,,
,,,,
,,,,
,,,,
,,,,
,,,,
,,,,
,,,,
,,,,
,,,,
,,,,
,,,,
,,,,
,,,,
,,,,
,,,,
,,,,
,,,,
,,,,
,,,,
,,,,
,,,,
,,,,
,,,,
,,,,
,,,,
,,,,
,,,,
,,,,
,,,,
,,,,
,,,,
,,,,
,,,,
,,,,
,,,,
,,,,
,,,,
,,,,
,,,,
,,,,
,,,,
,,,,
,,,,
,,,,
,,,,
,,,,
,,,,
,,,,
,,,,
,,,,
,,,,
,,,,
,,,,
,,,,
,,,,
,,,,
,,,,
,,,,
,,,,
,,,,
,,,,
,,,,
,,,,
,,,,
,,,,
,,,,
,,,,
,,,,
,,,,
,,,,
,,,,
,,,,
,,,,
,,,,
,,,,
,,,,
,,,,
,,,,
,,,,
,,,,
,,,,
,,,,
,,,,
,,,,
,,,,
,,,,
,,,,
,,,,
,,,,
,,,,
,,,,
,,,,
,,,,
,,,,
,,,,
,,,,
,,,,
,,,,
,,,,
,,,,
,,,,
,,,,
,,,,
,,,,
,,,,
,,,,
,,,,
,,,,
,,,,
,,,,
,,,,
,,,,
,,,,
,,,,
,,,,
,,,,
,,,,
,,,,
,,,,
,,,,
,,,,
,,,,
,,,,
,,,,
,,,,
,,,,
,,,,
,,,,
,,,,
,,,,
,,,,
,,,,
,,,,
,,,,
,,,,
,,,,
,,,,
,,,,
,,,,
,,,,
,,,,
,,,,
,,,,
,,,,
,,,,
,,,,
,,,,
,,,,
,,,,
,,,,
,,,,
,,,,
,,,,
,,,,
,,,,
,,,,
,,,,
,,,,
,,,,
,,,,
,,,,
,,,,
,,,,
,,,,
,,,,
,,,,
,,,,
,,,,
,,,,
,,,,
,,,,
,,,,
,,,,
,,,,
,,,,
,,,,
,,,,
,,,,
,,,,
,,,,
,,,,
,,,,
,,,,
,,,,
,,,,
,,,,
,,,,
,,,,
,,,,
,,,,
,,,,
,,,,
,,,,
,,,,
,,,,
,,,,
,,,,
,,,,
,,,,
,,,,
,,,,
,,,,
,,,,
,,,,
,,,,
,,,,
,,,,
,,,,
,,,,
,,,,
,,,,
,,,,
,,,,
,,,,
,,,,
,,,,
,,,,
,,,,
,,,,
,,,,
,,,,
,,,,
,,,,
,,,,
,,,,
,,,,
,,,,
,,,,
,,,,
,,,,
,,,,
,,,,
,,,,
,,,,
,,,,
,,,,
,,,,
,,,,
,,,,
,,,,
,,,,
,,,,
,,,,
,,,,
,,,,
,,,,
,,,,
,,,,
,,,,
,,,,
,,,,
,,,,
,,,,
,,,,
,,,,
,,,,
,,,,
,,,,
,,,,
,,,,
,,,,
,,,,
,,,,
,,,,
,,,,
,,,,
,,,,
,,,,
,,,,
,,,,
,,,,
,,,,
,,,,
,,,,
,,,,
,,,,
,,,,
,,,,
,,,,
,,,,
,,,,
,,,,
,,,,
,,,,
,,,,
,,,,
,,,,
,,,,
,,,,
,,,,
,,,,
,,,,
,,,,
,,,,
,,,,
,,,,
,,,,
,,,,
,,,,
,,,,
,,,,
,,,,
,,,,
,,,,
,,,,
,,,,
,,,,
,,,,
,,,,
,,,,
,,,,
,,,,
,,,,
,,,,
,,,,
,,,,
,,,,
,,,,
,,,,
,,,,
,,,,
,,,,
,,,,
,,,,
,,,,
,,,,
,,,,
,,,,
,,,,
,,,,
,,,,
,,,,
,,,,
,,,,
,,,,
,,,,
,,,,
,,,,
,,,,
,,,,
,,,,
,,,,
,,,,
,,,,
,,,,
,,,,
,,,,
,,,,
,,,,
,,,,
,,,,
,,,,
,,,,
,,,,
,,,,
,,,,
,,,,
,,,,
,,,,
,,,,
,,,,
,,,,
,,,,
,,,,
,,,,
,,,,
,,,,
,,,,
,,,,
,,,,
,,,,
,,,,
,,,,
,,,,
,,,,
,,,,
,,,,
,,,,
,,,,
,,,,
,,,,
,,,,
,,,,
,,,,
,,,,
,,,,
,,,,
,,,,
,,,,
,,,,
,,,,
,,,,
,,,,
,,,,
,,,,
,,,,
,,,,
,,,,
,,,,
,,,,
,,,,
,,,,
,,,,
,,,,
,,,,
,,,,
,,,,
,,,,
,,,,
,,,,
,,,,
,,,,
,,,,
,,,,
,,,,
,,,,
,,,,
,,,,
,,,,
,,,,
,,,,
,,,,
,,,,
,,,,
,,,,
,,,,
,,,,
,,,,
,,,,
,,,,
,,,,
,,,,
,,,,
,,,,
,,,,
,,,,
,,,,
,,,,
,,,,
,,,,
,,,,
,,,,
,,,,
,,,,
,,,,
,,,,
,,,,
,,,,
,,,,
,,,,
,,,,
,,,,
,,,,
,,,,
,,,,
,,,,
,,,,
,,,,
,,,,
,,,,
,,,,
,,,,
,,,,
,,,,
,,,,
,,,,
,,,,
,,,,
,,,,
,,,,
,,,,
,,,,
,,,,
,,,,
,,,,
,,,,
,,,,
,,,,
,,,,
,,,,
,,,,
,,,,
,,,,
,,,,
,,,,
,,,,
,,,,
,,,,
,,,,
,,,,
,,,,
,,,,
,,,,
,,,,
,,,,
,,,,
,,,,
,,,,
,,,,
,,,,
,,,,
,,,,
,,,,
,,,,
,,,,
,,,,
,,,,
,,,,
,,,,
,,,,
,,,,
,,,,
,,,,
,,,,
,,,,
,,,,
,,,,
,,,,
,,,,
,,,,
,,,,
,,,,
,,,,
,,,,
,,,,
,,,,
,,,,
,,,,
,,,,
,,,,
,,,,
,,,,
,,,,
,,,,
,,,,
,,,,
,,,,
,,,,
,,,,
,,,,
,,,,
,,,,
,,,,
,,,,
,,,,
,,,,
,,,,
,,,,
,,,,
,,,,
,,,,
,,,,
,,,,
,,,,
,,,,
,,,,
,,,,
,,,,
,,,,
,,,,
,,,,
,,,,
,,,,
,,,,
,,,,
,,,,
,,,,
,,,,
,,,,
,,,,
,,,,
,,,,
,,,,
,,,,
,,,,
,,,,
,,,,
,,,,
,,,,
,,,,
,,,,
,,,,
,,,,
,,,,
,,,,
,,,,
,,,,
,,,,
,,,,
,,,,
,,,,
,,,,
,,,,
,,,,
,,,,
,,,,
,,,,
,,,,
,,,,
,,,,
,,,,
,,,,
,,,,
,,,,
,,,,
,,,,
,,,,
,,,,
,,,,
,,,,
,,,,
,,,,
,,,,
,,,,
,,,,
,,,,
,,,,
,,,,
,,,,
,,,,
,,,,
,,,,
,,,,
,,,,
,,,,
,,,,
,,,,
,,,,
,,,,
,,,,
,,,,
,,,,
,,,,
,,,,
,,,,
,,,,
,,,,
,,,,
,,,,
,,,,
,,,,
,,,,
,,,,
,,,,
,,,,
,,,,
,,,,
,,,,
,,,,
,,,,
,,,,
,,,,
,,,,
,,,,
,,,,
,,,,
,,,,
,,,,
,,,,
,,,,
,,,,
,,,,
,,,,
,,,,
,,,,
,,,,
,,,,
,,,,
,,,,
,,,,
,,,,
,,,,
,,,,
,,,,
,,,,
,,,,
,,,,
,,,,
,,,,
,,,,
,,,,
,,,,
,,,,
,,,,
,,,,
,,,,
,,,,
,,,,
,,,,
,,,,
,,,,
,,,,
,,,,
,,,,
,,,,
,,,,
,,,,
,,,,
,,,,
,,,,
,,,,
,,,,
,,,,
,,,,
,,,,
,,,,
,,,,
,,,,
,,,,
,,,,
,,,,
,,,,
,,,,
,,,,
,,,,
,,,,
,,,,
,,,,
,,,,
,,,,
,,,,
,,,,
,,,,
,,,,
,,,,
,,,,
,,,,
,,,,
,,,,
,,,,
,,,,
,,,,
,,,,
,,,,
,,,,
,,,,
,,,,
,,,,
,,,,
,,,,
,,,,
,,,,
,,,,
,,,,
,,,,
,,,,
,,,,
,,,,
,,,,
,,,,
,,,,
,,,,
,,,,
,,,,
,,,,
,,,,
,,,,
,,,,
,,,,
,,,,
,,,,
,,,,
,,,,
,,,,
,,,,
,,,,
,,,,
,,,,
,,,,
,,,,
,,,,
,,,,
,,,,
,,,,
,,,,
,,,,
,,,,
,,,,
,,,,
,,,,
,,,,
,,,,
,,,,
,,,,
,,,,
,,,,
,,,,
,,,,
,,,,
,,,,
,,,,
,,,,
,,,,
,,,,
,,,,
,,,,
,,,,
,,,,
,,,,
,,,,
,,,,
,,,,
,,,,
,,,,
,,,,
,,,,
,,,,
,,,,
,,,,
,,,,
,,,,
